Time,BldPitch1,RotSpeed,RotThrust,RotTorq,GenPwr
600.000000000000000,2.118428144279606,11.599765072168498,552.984062670377853,2971.832362478120103,3425.544463255760547
