Time,BldPitch1,RotSpeed,RotThrust,RotTorq
600.000000000000000,0.000000000000000,12.099999999999996,663.110063416453841,3244.682573388045512
