Time,BldPitch1,RotSpeed,RotThrust,RotTorq
600.000000000000000,0.000000000000000,12.099947774685070,668.801759017475320,3240.190810973055250
